{
  "project_info": {
    "project_number": "795598693161",
    "firebase_url": "https://medichat-a0c74-default-rtdb.asia-southeast1.firebasedatabase.app",
    "project_id": "medichat-a0c74",
    "storage_bucket": "medichat-a0c74.firebasestorage.app"
  },
  "client": [
    {
      "client_info": {
        "mobilesdk_app_id": "1:795598693161:android:b2d1a0a960c2a8cb004d38",
        "android_client_info": {
          "package_name": "com.example.finalyearproject"
        }
      },
      "oauth_client": [
        {
          "client_id": "795598693161-1ills6pi7jifqaa36pglnkg1k12vpept.apps.googleusercontent.com",
          "client_type": 1,
          "android_info": {
            "package_name": "com.example.finalyearproject",
            "certificate_hash": "876948bdabefbd0d6c7ef5da92ade89f211426fa"
          }
        },
        {
          "client_id": "795598693161-b2bi4hpu0p4puq610au7phrf597u9bog.apps.googleusercontent.com",
          "client_type": 3
        }
      ],
      "api_key": [
        {
          "current_key": "AIzaSyBsXwhLqfTxRGBLYOPkyBcaMizCp0NEguA"
        }
      ],
      "services": {
        "appinvite_service": {
          "other_platform_oauth_client": [
            {
              "client_id": "795598693161-b2bi4hpu0p4puq610au7phrf597u9bog.apps.googleusercontent.com",
              "client_type": 3
            }
          ]
        }
      }
    },
    {
      "client_info": {
        "mobilesdk_app_id": "1:795598693161:android:028421800e377d94004d38",
        "android_client_info": {
          "package_name": "com.example.fyp"
        }
      },
      "oauth_client": [
        {
          "client_id": "795598693161-b2bi4hpu0p4puq610au7phrf597u9bog.apps.googleusercontent.com",
          "client_type": 3
        }
      ],
      "api_key": [
        {
          "current_key": "AIzaSyBsXwhLqfTxRGBLYOPkyBcaMizCp0NEguA"
        }
      ],
      "services": {
        "appinvite_service": {
          "other_platform_oauth_client": [
            {
              "client_id": "795598693161-b2bi4hpu0p4puq610au7phrf597u9bog.apps.googleusercontent.com",
              "client_type": 3
            }
          ]
        }
      }
    }
  ],
  "configuration_version": "1"
}